machine,metric,median,min
04gen_i7_4790K_pc,sysbench,1292.46,1292.46
04gen_i7_4790K_pc,exec_bp_altp2m,59.7,46.8
04gen_i7_4790K_pc,exec_bp_altp2m_fss,36.7,26.0
04gen_i7_4790K_pc,read_bp_altp2m,60.7,47.7
06gen_i3_6100_esprimo,sysbench,1294.5,1294.5
06gen_i3_6100_esprimo,exec_bp_altp2m,168.8,157.8
06gen_i3_6100_esprimo,exec_bp_altp2m_fss,97.3,90.6
06gen_i3_6100_esprimo,read_bp_altp2m,171.1,160.3
07gen_i5_7300U_NUC,sysbench,908.56,908.56
07gen_i5_7300U_NUC,exec_bp_altp2m,204.8,189.1
07gen_i5_7300U_NUC,exec_bp_altp2m_fss,114.6,107.9
07gen_i5_7300U_NUC,read_bp_altp2m,205.7,189.6
08gen_i5_8350U_T480,sysbench,1231.27,1231.27
08gen_i5_8350U_T480,exec_bp_altp2m,153.0,142.8
08gen_i5_8350U_T480,exec_bp_altp2m_fss,89.2,83.6
08gen_i5_8350U_T480,read_bp_altp2m,154.2,143.9
08gen_i7_8565U_yoga,sysbench,1554.17,1554.17
08gen_i7_8565U_yoga,timing_overhead,0.9,0.8
08gen_i7_8565U_yoga,exec_bp_rep,103.4,93.1
08gen_i7_8565U_yoga,exec_bp_emul,26.6,17.5
08gen_i7_8565U_yoga,exec_bp_altp2m,70.7,57.8
08gen_i7_8565U_yoga,exec_bp_altp2m_fss,44.2,33.4
08gen_i7_8565U_yoga,read_bp_emul,26.8,17.7
08gen_i7_8565U_yoga,read_bp_altp2m,75.0,58.7
08gen_i7_8665U_X390,sysbench,1644.53,1644.53
08gen_i7_8665U_X390,timing_overhead,0.8,0.7
08gen_i7_8665U_X390,exec_bp_rep,75.4,68.2
08gen_i7_8665U_X390,exec_bp_emul,17.1,11.3
08gen_i7_8665U_X390,exec_bp_altp2m,52.0,46.0
08gen_i7_8665U_X390,exec_bp_altp2m_fss,33.1,25.7
08gen_i7_8665U_X390,read_bp_emul,18.3,12.1
08gen_i7_8665U_X390,read_bp_altp2m,52.7,46.0
09gen_i7_9750H_omen,sysbench,1356.64,1356.64
09gen_i7_9750H_omen,exec_bp_altp2m,58.3,52.2
09gen_i7_9750H_omen,exec_bp_altp2m_fss,37.2,32.6
09gen_i7_9750H_omen,read_bp_altp2m,58.9,54.1
09gen_i7_9850H_P1,sysbench,1529.44,1529.44
09gen_i7_9850H_P1,timing_overhead,0.8,0.7
09gen_i7_9850H_P1,exec_bp_rep,82.7,68.8
09gen_i7_9850H_P1,exec_bp_emul,20.1,11.7
09gen_i7_9850H_P1,exec_bp_altp2m,58.0,49.0
09gen_i7_9850H_P1,exec_bp_altp2m_fss,37.0,25.8
09gen_i7_9850H_P1,read_bp_emul,21.7,12.4
09gen_i7_9850H_P1,read_bp_altp2m,58.9,50.3
09gen_i9_9900K_pc,sysbench,1270.4,1270.4
09gen_i9_9900K_pc,timing_overhead,1.0,0.9
09gen_i9_9900K_pc,exec_bp_rep,88.4,79.9
09gen_i9_9900K_pc,exec_bp_emul,20.5,13.3
09gen_i9_9900K_pc,exec_bp_altp2m,64.7,54.9
09gen_i9_9900K_pc,exec_bp_altp2m_fss,39.5,31.5
09gen_i9_9900K_pc,read_bp_emul,22.1,14.5
09gen_i9_9900K_pc,read_bp_altp2m,65.9,55.1
10gen_i5_10310U_T14,sysbench,1467.4,1467.4
10gen_i5_10310U_T14,exec_bp_altp2m,55.6,48.6
10gen_i5_10310U_T14,exec_bp_altp2m_fss,35.7,28.3
10gen_i5_10310U_T14,read_bp_altp2m,56.2,49.9
11gen_i7_1165G7_XP14,sysbench,2389.13,2389.13
11gen_i7_1165G7_XP14,timing_overhead,1.6,1.4
11gen_i7_1165G7_XP14,exec_bp_rep,117.3,107.7
11gen_i7_1165G7_XP14,exec_bp_emul,30.9,20.7
11gen_i7_1165G7_XP14,exec_bp_altp2m,84.2,69.9
11gen_i7_1165G7_XP14,exec_bp_altp2m_fss,49.7,39.2
11gen_i7_1165G7_XP14,read_bp_emul,31.9,21.6
11gen_i7_1165G7_XP14,read_bp_altp2m,84.9,70.5
11gen_i7_11800H_katana,sysbench,1961.76,1961.76
11gen_i7_11800H_katana,timing_overhead,1.9,1.7
11gen_i7_11800H_katana,exec_bp_rep,192.2,185.9
11gen_i7_11800H_katana,exec_bp_emul,62.9,59.5
11gen_i7_11800H_katana,exec_bp_altp2m,145.1,133.3
11gen_i7_11800H_katana,exec_bp_altp2m_fss,84.2,78.1
11gen_i7_11800H_katana,read_bp_emul,65.3,61.9
11gen_i7_11800H_katana,read_bp_altp2m,146.2,134.1
12gen_i7_1260P_T14,sysbench,3941.16,3941.16
12gen_i7_1260P_T14,timing_overhead,0.8,0.6
12gen_i7_1260P_T14,exec_bp_rep,71.0,64.3
12gen_i7_1260P_T14,exec_bp_emul,22.6,17.2
12gen_i7_1260P_T14,exec_bp_altp2m,58.0,42.6
12gen_i7_1260P_T14,exec_bp_altp2m_fss,35.5,28.4
12gen_i7_1260P_T14,read_bp_emul,23.7,18.2
12gen_i7_1260P_T14,read_bp_altp2m,50.3,42.3
12gen_i7_1265U_L14,sysbench,1265.3,1265.3
12gen_i7_1265U_L14,timing_overhead,4.2,4.0
12gen_i7_1265U_L14,exec_bp_rep,181.9,161.1
12gen_i7_1265U_L14,exec_bp_emul,57.5,49.9
12gen_i7_1265U_L14,exec_bp_altp2m,143.5,129.5
12gen_i7_1265U_L14,exec_bp_altp2m_fss,83.9,79.1
12gen_i7_1265U_L14,read_bp_emul,59.4,50.3
12gen_i7_1265U_L14,read_bp_altp2m,147.7,133.1
12gen_i7_12700H_ideapad,sysbench,3877.77,3877.77
12gen_i7_12700H_ideapad,timing_overhead,0.7,0.6
12gen_i7_12700H_ideapad,exec_bp_rep,62.4,57.7
12gen_i7_12700H_ideapad,exec_bp_emul,15.4,10.8
12gen_i7_12700H_ideapad,exec_bp_altp2m,42.9,37.0
12gen_i7_12700H_ideapad,exec_bp_altp2m_fss,25.8,20.7
12gen_i7_12700H_ideapad,read_bp_emul,15.8,11.5
12gen_i7_12700H_ideapad,read_bp_altp2m,41.2,37.5
12gen_i7_12700T_P360tiny,sysbench,3867.4,3867.4
12gen_i7_12700T_P360tiny,timing_overhead,0.7,0.6
12gen_i7_12700T_P360tiny,exec_bp_rep,66.7,66.0
12gen_i7_12700T_P360tiny,exec_bp_emul,22.4,20.6
12gen_i7_12700T_P360tiny,exec_bp_altp2m,50.9,47.6
12gen_i7_12700T_P360tiny,exec_bp_altp2m_fss,31.0,29.0
12gen_i7_12700T_P360tiny,read_bp_emul,23.9,21.5
12gen_i7_12700T_P360tiny,read_bp_altp2m,52.1,47.8
13gen_i7_13620H_infinity,sysbench,3602.98,3602.98
13gen_i7_13620H_infinity,timing_overhead,0.7,0.6
13gen_i7_13620H_infinity,exec_bp_rep,91.8,82.8
13gen_i7_13620H_infinity,exec_bp_emul,23.7,17.5
13gen_i7_13620H_infinity,exec_bp_altp2m,56.2,46.1
13gen_i7_13620H_infinity,exec_bp_altp2m_fss,33.0,29.4
13gen_i7_13620H_infinity,read_bp_emul,24.5,20.2
13gen_i7_13620H_infinity,read_bp_altp2m,55.8,46.7
13gen_i7_13700H_infinity,sysbench,3453.76,3453.76
13gen_i7_13700H_infinity,timing_overhead,0.8,0.6
13gen_i7_13700H_infinity,exec_bp_rep,98.5,83.2
13gen_i7_13700H_infinity,exec_bp_emul,26.5,15.1
13gen_i7_13700H_infinity,exec_bp_altp2m,75.3,44.5
13gen_i7_13700H_infinity,exec_bp_altp2m_fss,46.3,14.5
13gen_i7_13700H_infinity,read_bp_emul,27.1,19.0
13gen_i7_13700H_infinity,read_bp_altp2m,75.2,42.9
13gen_i7_13700K_pc,sysbench,2921.45,2921.45
13gen_i7_13700K_pc,timing_overhead,1.0,0.9
13gen_i7_13700K_pc,exec_bp_rep,85.0,77.2
13gen_i7_13700K_pc,exec_bp_emul,24.7,15.8
13gen_i7_13700K_pc,exec_bp_altp2m,65.9,55.4
13gen_i7_13700K_pc,exec_bp_altp2m_fss,38.4,33.3
13gen_i7_13700K_pc,read_bp_emul,26.1,19.1
13gen_i7_13700K_pc,read_bp_altp2m,66.6,56.5
13gen_i9_13900HX_gemini,sysbench,4352.94,4352.94
13gen_i9_13900HX_gemini,timing_overhead,0.6,0.5
13gen_i9_13900HX_gemini,exec_bp_rep,58.2,50.3
13gen_i9_13900HX_gemini,exec_bp_emul,16.5,10.6
13gen_i9_13900HX_gemini,exec_bp_altp2m,45.4,36.1
13gen_i9_13900HX_gemini,exec_bp_altp2m_fss,26.3,20.4
13gen_i9_13900HX_gemini,read_bp_emul,17.5,10.8
13gen_i9_13900HX_gemini,read_bp_altp2m,46.6,37.9
